feature_name,feature_group
dbp__last__mean,structured
dbp__max__mean,structured
dbp__mean__mean,structured
dbp__min__mean,structured
glucose_chart__last__mean,structured
glucose_chart__max__mean,structured
glucose_chart__mean__mean,structured
glucose_chart__min__mean,structured
heart_rate__last__mean,structured
heart_rate__max__mean,structured
heart_rate__mean__mean,structured
heart_rate__min__mean,structured
map__last__mean,structured
map__max__mean,structured
map__mean__mean,structured
map__min__mean,structured
respiratory_rate__last__mean,structured
respiratory_rate__max__mean,structured
respiratory_rate__mean__mean,structured
respiratory_rate__min__mean,structured
sbp__last__mean,structured
sbp__max__mean,structured
sbp__mean__mean,structured
sbp__min__mean,structured
spo2__last__mean,structured
spo2__max__mean,structured
spo2__mean__mean,structured
spo2__min__mean,structured
temperature_c__last__mean,structured
temperature_c__max__mean,structured
temperature_c__mean__mean,structured
temperature_c__min__mean,structured
bicarbonate__last__mean,structured
bicarbonate__max__mean,structured
bicarbonate__mean__mean,structured
bicarbonate__min__mean,structured
bilirubin__last__mean,structured
bilirubin__max__mean,structured
bilirubin__mean__mean,structured
bilirubin__min__mean,structured
bun__last__mean,structured
bun__max__mean,structured
bun__mean__mean,structured
bun__min__mean,structured
creatinine__last__mean,structured
creatinine__max__mean,structured
creatinine__mean__mean,structured
creatinine__min__mean,structured
hemoglobin__last__mean,structured
hemoglobin__max__mean,structured
hemoglobin__mean__mean,structured
hemoglobin__min__mean,structured
lactate__last__mean,structured
lactate__max__mean,structured
lactate__mean__mean,structured
lactate__min__mean,structured
platelet__last__mean,structured
platelet__max__mean,structured
platelet__mean__mean,structured
platelet__min__mean,structured
potassium__last__mean,structured
potassium__max__mean,structured
potassium__mean__mean,structured
potassium__min__mean,structured
sodium__last__mean,structured
sodium__max__mean,structured
sodium__mean__mean,structured
sodium__min__mean,structured
wbc__last__mean,structured
wbc__max__mean,structured
wbc__mean__mean,structured
wbc__min__mean,structured
age_at_icu_intime__mean,structured
hours_since_icu_admit__mean,structured
hours_to_prediction__mean,structured
dbp__last__min,structured
dbp__max__min,structured
dbp__mean__min,structured
dbp__min__min,structured
glucose_chart__last__min,structured
glucose_chart__max__min,structured
glucose_chart__mean__min,structured
glucose_chart__min__min,structured
heart_rate__last__min,structured
heart_rate__max__min,structured
heart_rate__mean__min,structured
heart_rate__min__min,structured
map__last__min,structured
map__max__min,structured
map__mean__min,structured
map__min__min,structured
respiratory_rate__last__min,structured
respiratory_rate__max__min,structured
respiratory_rate__mean__min,structured
respiratory_rate__min__min,structured
sbp__last__min,structured
sbp__max__min,structured
sbp__mean__min,structured
sbp__min__min,structured
spo2__last__min,structured
spo2__max__min,structured
spo2__mean__min,structured
spo2__min__min,structured
temperature_c__last__min,structured
temperature_c__max__min,structured
temperature_c__mean__min,structured
temperature_c__min__min,structured
bicarbonate__last__min,structured
bicarbonate__max__min,structured
bicarbonate__mean__min,structured
bicarbonate__min__min,structured
bilirubin__last__min,structured
bilirubin__max__min,structured
bilirubin__mean__min,structured
bilirubin__min__min,structured
bun__last__min,structured
bun__max__min,structured
bun__mean__min,structured
bun__min__min,structured
creatinine__last__min,structured
creatinine__max__min,structured
creatinine__mean__min,structured
creatinine__min__min,structured
hemoglobin__last__min,structured
hemoglobin__max__min,structured
hemoglobin__mean__min,structured
hemoglobin__min__min,structured
lactate__last__min,structured
lactate__max__min,structured
lactate__mean__min,structured
lactate__min__min,structured
platelet__last__min,structured
platelet__max__min,structured
platelet__mean__min,structured
platelet__min__min,structured
potassium__last__min,structured
potassium__max__min,structured
potassium__mean__min,structured
potassium__min__min,structured
sodium__last__min,structured
sodium__max__min,structured
sodium__mean__min,structured
sodium__min__min,structured
wbc__last__min,structured
wbc__max__min,structured
wbc__mean__min,structured
wbc__min__min,structured
age_at_icu_intime__min,structured
hours_since_icu_admit__min,structured
hours_to_prediction__min,structured
dbp__last__max,structured
dbp__max__max,structured
dbp__mean__max,structured
dbp__min__max,structured
glucose_chart__last__max,structured
glucose_chart__max__max,structured
glucose_chart__mean__max,structured
glucose_chart__min__max,structured
heart_rate__last__max,structured
heart_rate__max__max,structured
heart_rate__mean__max,structured
heart_rate__min__max,structured
map__last__max,structured
map__max__max,structured
map__mean__max,structured
map__min__max,structured
respiratory_rate__last__max,structured
respiratory_rate__max__max,structured
respiratory_rate__mean__max,structured
respiratory_rate__min__max,structured
sbp__last__max,structured
sbp__max__max,structured
sbp__mean__max,structured
sbp__min__max,structured
spo2__last__max,structured
spo2__max__max,structured
spo2__mean__max,structured
spo2__min__max,structured
temperature_c__last__max,structured
temperature_c__max__max,structured
temperature_c__mean__max,structured
temperature_c__min__max,structured
bicarbonate__last__max,structured
bicarbonate__max__max,structured
bicarbonate__mean__max,structured
bicarbonate__min__max,structured
bilirubin__last__max,structured
bilirubin__max__max,structured
bilirubin__mean__max,structured
bilirubin__min__max,structured
bun__last__max,structured
bun__max__max,structured
bun__mean__max,structured
bun__min__max,structured
creatinine__last__max,structured
creatinine__max__max,structured
creatinine__mean__max,structured
creatinine__min__max,structured
hemoglobin__last__max,structured
hemoglobin__max__max,structured
hemoglobin__mean__max,structured
hemoglobin__min__max,structured
lactate__last__max,structured
lactate__max__max,structured
lactate__mean__max,structured
lactate__min__max,structured
platelet__last__max,structured
platelet__max__max,structured
platelet__mean__max,structured
platelet__min__max,structured
potassium__last__max,structured
potassium__max__max,structured
potassium__mean__max,structured
potassium__min__max,structured
sodium__last__max,structured
sodium__max__max,structured
sodium__mean__max,structured
sodium__min__max,structured
wbc__last__max,structured
wbc__max__max,structured
wbc__mean__max,structured
wbc__min__max,structured
age_at_icu_intime__max,structured
hours_since_icu_admit__max,structured
hours_to_prediction__max,structured
dbp__last__last,structured
dbp__max__last,structured
dbp__mean__last,structured
dbp__min__last,structured
glucose_chart__last__last,structured
glucose_chart__max__last,structured
glucose_chart__mean__last,structured
glucose_chart__min__last,structured
heart_rate__last__last,structured
heart_rate__max__last,structured
heart_rate__mean__last,structured
heart_rate__min__last,structured
map__last__last,structured
map__max__last,structured
map__mean__last,structured
map__min__last,structured
respiratory_rate__last__last,structured
respiratory_rate__max__last,structured
respiratory_rate__mean__last,structured
respiratory_rate__min__last,structured
sbp__last__last,structured
sbp__max__last,structured
sbp__mean__last,structured
sbp__min__last,structured
spo2__last__last,structured
spo2__max__last,structured
spo2__mean__last,structured
spo2__min__last,structured
temperature_c__last__last,structured
temperature_c__max__last,structured
temperature_c__mean__last,structured
temperature_c__min__last,structured
bicarbonate__last__last,structured
bicarbonate__max__last,structured
bicarbonate__mean__last,structured
bicarbonate__min__last,structured
bilirubin__last__last,structured
bilirubin__max__last,structured
bilirubin__mean__last,structured
bilirubin__min__last,structured
bun__last__last,structured
bun__max__last,structured
bun__mean__last,structured
bun__min__last,structured
creatinine__last__last,structured
creatinine__max__last,structured
creatinine__mean__last,structured
creatinine__min__last,structured
hemoglobin__last__last,structured
hemoglobin__max__last,structured
hemoglobin__mean__last,structured
hemoglobin__min__last,structured
lactate__last__last,structured
lactate__max__last,structured
lactate__mean__last,structured
lactate__min__last,structured
platelet__last__last,structured
platelet__max__last,structured
platelet__mean__last,structured
platelet__min__last,structured
potassium__last__last,structured
potassium__max__last,structured
potassium__mean__last,structured
potassium__min__last,structured
sodium__last__last,structured
sodium__max__last,structured
sodium__mean__last,structured
sodium__min__last,structured
wbc__last__last,structured
wbc__max__last,structured
wbc__mean__last,structured
wbc__min__last,structured
age_at_icu_intime__last,structured
hours_since_icu_admit__last,structured
hours_to_prediction__last,structured
dbp__last__missing_rate,structured
dbp__max__missing_rate,structured
dbp__mean__missing_rate,structured
dbp__min__missing_rate,structured
glucose_chart__last__missing_rate,structured
glucose_chart__max__missing_rate,structured
glucose_chart__mean__missing_rate,structured
glucose_chart__min__missing_rate,structured
heart_rate__last__missing_rate,structured
heart_rate__max__missing_rate,structured
heart_rate__mean__missing_rate,structured
heart_rate__min__missing_rate,structured
map__last__missing_rate,structured
map__max__missing_rate,structured
map__mean__missing_rate,structured
map__min__missing_rate,structured
respiratory_rate__last__missing_rate,structured
respiratory_rate__max__missing_rate,structured
respiratory_rate__mean__missing_rate,structured
respiratory_rate__min__missing_rate,structured
sbp__last__missing_rate,structured
sbp__max__missing_rate,structured
sbp__mean__missing_rate,structured
sbp__min__missing_rate,structured
spo2__last__missing_rate,structured
spo2__max__missing_rate,structured
spo2__mean__missing_rate,structured
spo2__min__missing_rate,structured
temperature_c__last__missing_rate,structured
temperature_c__max__missing_rate,structured
temperature_c__mean__missing_rate,structured
temperature_c__min__missing_rate,structured
bicarbonate__last__missing_rate,structured
bicarbonate__max__missing_rate,structured
bicarbonate__mean__missing_rate,structured
bicarbonate__min__missing_rate,structured
bilirubin__last__missing_rate,structured
bilirubin__max__missing_rate,structured
bilirubin__mean__missing_rate,structured
bilirubin__min__missing_rate,structured
bun__last__missing_rate,structured
bun__max__missing_rate,structured
bun__mean__missing_rate,structured
bun__min__missing_rate,structured
creatinine__last__missing_rate,structured
creatinine__max__missing_rate,structured
creatinine__mean__missing_rate,structured
creatinine__min__missing_rate,structured
hemoglobin__last__missing_rate,structured
hemoglobin__max__missing_rate,structured
hemoglobin__mean__missing_rate,structured
hemoglobin__min__missing_rate,structured
lactate__last__missing_rate,structured
lactate__max__missing_rate,structured
lactate__mean__missing_rate,structured
lactate__min__missing_rate,structured
platelet__last__missing_rate,structured
platelet__max__missing_rate,structured
platelet__mean__missing_rate,structured
platelet__min__missing_rate,structured
potassium__last__missing_rate,structured
potassium__max__missing_rate,structured
potassium__mean__missing_rate,structured
potassium__min__missing_rate,structured
sodium__last__missing_rate,structured
sodium__max__missing_rate,structured
sodium__mean__missing_rate,structured
sodium__min__missing_rate,structured
wbc__last__missing_rate,structured
wbc__max__missing_rate,structured
wbc__mean__missing_rate,structured
wbc__min__missing_rate,structured
age_at_icu_intime__missing_rate,structured
hours_since_icu_admit__missing_rate,structured
hours_to_prediction__missing_rate,structured
static_GENDER_F,structured
static_GENDER_M,structured
static_ETHNICITY_AMERICAN INDIAN/ALASKA NATIVE,structured
static_ETHNICITY_AMERICAN INDIAN/ALASKA NATIVE FEDERALLY RECOGNIZED TRIBE,structured
static_ETHNICITY_ASIAN,structured
static_ETHNICITY_ASIAN - ASIAN INDIAN,structured
static_ETHNICITY_ASIAN - CAMBODIAN,structured
static_ETHNICITY_ASIAN - CHINESE,structured
static_ETHNICITY_ASIAN - FILIPINO,structured
static_ETHNICITY_ASIAN - JAPANESE,structured
static_ETHNICITY_ASIAN - KOREAN,structured
static_ETHNICITY_ASIAN - OTHER,structured
static_ETHNICITY_ASIAN - THAI,structured
static_ETHNICITY_ASIAN - VIETNAMESE,structured
static_ETHNICITY_BLACK/AFRICAN,structured
static_ETHNICITY_BLACK/AFRICAN AMERICAN,structured
static_ETHNICITY_BLACK/CAPE VERDEAN,structured
static_ETHNICITY_BLACK/HAITIAN,structured
static_ETHNICITY_CARIBBEAN ISLAND,structured
static_ETHNICITY_HISPANIC OR LATINO,structured
static_ETHNICITY_HISPANIC/LATINO - CENTRAL AMERICAN (OTHER),structured
static_ETHNICITY_HISPANIC/LATINO - COLOMBIAN,structured
static_ETHNICITY_HISPANIC/LATINO - CUBAN,structured
static_ETHNICITY_HISPANIC/LATINO - DOMINICAN,structured
static_ETHNICITY_HISPANIC/LATINO - GUATEMALAN,structured
static_ETHNICITY_HISPANIC/LATINO - HONDURAN,structured
static_ETHNICITY_HISPANIC/LATINO - MEXICAN,structured
static_ETHNICITY_HISPANIC/LATINO - PUERTO RICAN,structured
static_ETHNICITY_HISPANIC/LATINO - SALVADORAN,structured
static_ETHNICITY_MIDDLE EASTERN,structured
static_ETHNICITY_MULTI RACE ETHNICITY,structured
static_ETHNICITY_NATIVE HAWAIIAN OR OTHER PACIFIC ISLANDER,structured
static_ETHNICITY_OTHER,structured
static_ETHNICITY_PATIENT DECLINED TO ANSWER,structured
static_ETHNICITY_PORTUGUESE,structured
static_ETHNICITY_SOUTH AMERICAN,structured
static_ETHNICITY_UNABLE TO OBTAIN,structured
static_ETHNICITY_UNKNOWN/NOT SPECIFIED,structured
static_ETHNICITY_WHITE,structured
static_ETHNICITY_WHITE - BRAZILIAN,structured
static_ETHNICITY_WHITE - EASTERN EUROPEAN,structured
static_ETHNICITY_WHITE - OTHER EUROPEAN,structured
static_ETHNICITY_WHITE - RUSSIAN,structured
static_FIRST_CAREUNIT_CCU,structured
static_FIRST_CAREUNIT_CSRU,structured
static_FIRST_CAREUNIT_MICU,structured
static_FIRST_CAREUNIT_SICU,structured
static_FIRST_CAREUNIT_TSICU,structured
static_LAST_CAREUNIT_CCU,structured
static_LAST_CAREUNIT_CSRU,structured
static_LAST_CAREUNIT_MICU,structured
static_LAST_CAREUNIT_SICU,structured
static_LAST_CAREUNIT_TSICU,structured
text_mean_embedding_0,text_embedding
text_mean_embedding_1,text_embedding
text_mean_embedding_2,text_embedding
text_mean_embedding_3,text_embedding
text_mean_embedding_4,text_embedding
text_mean_embedding_5,text_embedding
text_mean_embedding_6,text_embedding
text_mean_embedding_7,text_embedding
text_mean_embedding_8,text_embedding
text_mean_embedding_9,text_embedding
text_mean_embedding_10,text_embedding
text_mean_embedding_11,text_embedding
text_mean_embedding_12,text_embedding
text_mean_embedding_13,text_embedding
text_mean_embedding_14,text_embedding
text_mean_embedding_15,text_embedding
text_mean_embedding_16,text_embedding
text_mean_embedding_17,text_embedding
text_mean_embedding_18,text_embedding
text_mean_embedding_19,text_embedding
text_mean_embedding_20,text_embedding
text_mean_embedding_21,text_embedding
text_mean_embedding_22,text_embedding
text_mean_embedding_23,text_embedding
text_mean_embedding_24,text_embedding
text_mean_embedding_25,text_embedding
text_mean_embedding_26,text_embedding
text_mean_embedding_27,text_embedding
text_mean_embedding_28,text_embedding
text_mean_embedding_29,text_embedding
text_mean_embedding_30,text_embedding
text_mean_embedding_31,text_embedding
text_mean_embedding_32,text_embedding
text_mean_embedding_33,text_embedding
text_mean_embedding_34,text_embedding
text_mean_embedding_35,text_embedding
text_mean_embedding_36,text_embedding
text_mean_embedding_37,text_embedding
text_mean_embedding_38,text_embedding
text_mean_embedding_39,text_embedding
text_mean_embedding_40,text_embedding
text_mean_embedding_41,text_embedding
text_mean_embedding_42,text_embedding
text_mean_embedding_43,text_embedding
text_mean_embedding_44,text_embedding
text_mean_embedding_45,text_embedding
text_mean_embedding_46,text_embedding
text_mean_embedding_47,text_embedding
text_mean_embedding_48,text_embedding
text_mean_embedding_49,text_embedding
text_mean_embedding_50,text_embedding
text_mean_embedding_51,text_embedding
text_mean_embedding_52,text_embedding
text_mean_embedding_53,text_embedding
text_mean_embedding_54,text_embedding
text_mean_embedding_55,text_embedding
text_mean_embedding_56,text_embedding
text_mean_embedding_57,text_embedding
text_mean_embedding_58,text_embedding
text_mean_embedding_59,text_embedding
text_mean_embedding_60,text_embedding
text_mean_embedding_61,text_embedding
text_mean_embedding_62,text_embedding
text_mean_embedding_63,text_embedding
text_mean_embedding_64,text_embedding
text_mean_embedding_65,text_embedding
text_mean_embedding_66,text_embedding
text_mean_embedding_67,text_embedding
text_mean_embedding_68,text_embedding
text_mean_embedding_69,text_embedding
text_mean_embedding_70,text_embedding
text_mean_embedding_71,text_embedding
text_mean_embedding_72,text_embedding
text_mean_embedding_73,text_embedding
text_mean_embedding_74,text_embedding
text_mean_embedding_75,text_embedding
text_mean_embedding_76,text_embedding
text_mean_embedding_77,text_embedding
text_mean_embedding_78,text_embedding
text_mean_embedding_79,text_embedding
text_mean_embedding_80,text_embedding
text_mean_embedding_81,text_embedding
text_mean_embedding_82,text_embedding
text_mean_embedding_83,text_embedding
text_mean_embedding_84,text_embedding
text_mean_embedding_85,text_embedding
text_mean_embedding_86,text_embedding
text_mean_embedding_87,text_embedding
text_mean_embedding_88,text_embedding
text_mean_embedding_89,text_embedding
text_mean_embedding_90,text_embedding
text_mean_embedding_91,text_embedding
text_mean_embedding_92,text_embedding
text_mean_embedding_93,text_embedding
text_mean_embedding_94,text_embedding
text_mean_embedding_95,text_embedding
text_mean_embedding_96,text_embedding
text_mean_embedding_97,text_embedding
text_mean_embedding_98,text_embedding
text_mean_embedding_99,text_embedding
text_mean_embedding_100,text_embedding
text_mean_embedding_101,text_embedding
text_mean_embedding_102,text_embedding
text_mean_embedding_103,text_embedding
text_mean_embedding_104,text_embedding
text_mean_embedding_105,text_embedding
text_mean_embedding_106,text_embedding
text_mean_embedding_107,text_embedding
text_mean_embedding_108,text_embedding
text_mean_embedding_109,text_embedding
text_mean_embedding_110,text_embedding
text_mean_embedding_111,text_embedding
text_mean_embedding_112,text_embedding
text_mean_embedding_113,text_embedding
text_mean_embedding_114,text_embedding
text_mean_embedding_115,text_embedding
text_mean_embedding_116,text_embedding
text_mean_embedding_117,text_embedding
text_mean_embedding_118,text_embedding
text_mean_embedding_119,text_embedding
text_mean_embedding_120,text_embedding
text_mean_embedding_121,text_embedding
text_mean_embedding_122,text_embedding
text_mean_embedding_123,text_embedding
text_mean_embedding_124,text_embedding
text_mean_embedding_125,text_embedding
text_mean_embedding_126,text_embedding
text_mean_embedding_127,text_embedding
text_mean_embedding_128,text_embedding
text_mean_embedding_129,text_embedding
text_mean_embedding_130,text_embedding
text_mean_embedding_131,text_embedding
text_mean_embedding_132,text_embedding
text_mean_embedding_133,text_embedding
text_mean_embedding_134,text_embedding
text_mean_embedding_135,text_embedding
text_mean_embedding_136,text_embedding
text_mean_embedding_137,text_embedding
text_mean_embedding_138,text_embedding
text_mean_embedding_139,text_embedding
text_mean_embedding_140,text_embedding
text_mean_embedding_141,text_embedding
text_mean_embedding_142,text_embedding
text_mean_embedding_143,text_embedding
text_mean_embedding_144,text_embedding
text_mean_embedding_145,text_embedding
text_mean_embedding_146,text_embedding
text_mean_embedding_147,text_embedding
text_mean_embedding_148,text_embedding
text_mean_embedding_149,text_embedding
text_mean_embedding_150,text_embedding
text_mean_embedding_151,text_embedding
text_mean_embedding_152,text_embedding
text_mean_embedding_153,text_embedding
text_mean_embedding_154,text_embedding
text_mean_embedding_155,text_embedding
text_mean_embedding_156,text_embedding
text_mean_embedding_157,text_embedding
text_mean_embedding_158,text_embedding
text_mean_embedding_159,text_embedding
text_mean_embedding_160,text_embedding
text_mean_embedding_161,text_embedding
text_mean_embedding_162,text_embedding
text_mean_embedding_163,text_embedding
text_mean_embedding_164,text_embedding
text_mean_embedding_165,text_embedding
text_mean_embedding_166,text_embedding
text_mean_embedding_167,text_embedding
text_mean_embedding_168,text_embedding
text_mean_embedding_169,text_embedding
text_mean_embedding_170,text_embedding
text_mean_embedding_171,text_embedding
text_mean_embedding_172,text_embedding
text_mean_embedding_173,text_embedding
text_mean_embedding_174,text_embedding
text_mean_embedding_175,text_embedding
text_mean_embedding_176,text_embedding
text_mean_embedding_177,text_embedding
text_mean_embedding_178,text_embedding
text_mean_embedding_179,text_embedding
text_mean_embedding_180,text_embedding
text_mean_embedding_181,text_embedding
text_mean_embedding_182,text_embedding
text_mean_embedding_183,text_embedding
text_mean_embedding_184,text_embedding
text_mean_embedding_185,text_embedding
text_mean_embedding_186,text_embedding
text_mean_embedding_187,text_embedding
text_mean_embedding_188,text_embedding
text_mean_embedding_189,text_embedding
text_mean_embedding_190,text_embedding
text_mean_embedding_191,text_embedding
text_mean_embedding_192,text_embedding
text_mean_embedding_193,text_embedding
text_mean_embedding_194,text_embedding
text_mean_embedding_195,text_embedding
text_mean_embedding_196,text_embedding
text_mean_embedding_197,text_embedding
text_mean_embedding_198,text_embedding
text_mean_embedding_199,text_embedding
text_mean_embedding_200,text_embedding
text_mean_embedding_201,text_embedding
text_mean_embedding_202,text_embedding
text_mean_embedding_203,text_embedding
text_mean_embedding_204,text_embedding
text_mean_embedding_205,text_embedding
text_mean_embedding_206,text_embedding
text_mean_embedding_207,text_embedding
text_mean_embedding_208,text_embedding
text_mean_embedding_209,text_embedding
text_mean_embedding_210,text_embedding
text_mean_embedding_211,text_embedding
text_mean_embedding_212,text_embedding
text_mean_embedding_213,text_embedding
text_mean_embedding_214,text_embedding
text_mean_embedding_215,text_embedding
text_mean_embedding_216,text_embedding
text_mean_embedding_217,text_embedding
text_mean_embedding_218,text_embedding
text_mean_embedding_219,text_embedding
text_mean_embedding_220,text_embedding
text_mean_embedding_221,text_embedding
text_mean_embedding_222,text_embedding
text_mean_embedding_223,text_embedding
text_mean_embedding_224,text_embedding
text_mean_embedding_225,text_embedding
text_mean_embedding_226,text_embedding
text_mean_embedding_227,text_embedding
text_mean_embedding_228,text_embedding
text_mean_embedding_229,text_embedding
text_mean_embedding_230,text_embedding
text_mean_embedding_231,text_embedding
text_mean_embedding_232,text_embedding
text_mean_embedding_233,text_embedding
text_mean_embedding_234,text_embedding
text_mean_embedding_235,text_embedding
text_mean_embedding_236,text_embedding
text_mean_embedding_237,text_embedding
text_mean_embedding_238,text_embedding
text_mean_embedding_239,text_embedding
text_mean_embedding_240,text_embedding
text_mean_embedding_241,text_embedding
text_mean_embedding_242,text_embedding
text_mean_embedding_243,text_embedding
text_mean_embedding_244,text_embedding
text_mean_embedding_245,text_embedding
text_mean_embedding_246,text_embedding
text_mean_embedding_247,text_embedding
text_mean_embedding_248,text_embedding
text_mean_embedding_249,text_embedding
text_mean_embedding_250,text_embedding
text_mean_embedding_251,text_embedding
text_mean_embedding_252,text_embedding
text_mean_embedding_253,text_embedding
text_mean_embedding_254,text_embedding
text_mean_embedding_255,text_embedding
text_mean_embedding_256,text_embedding
text_mean_embedding_257,text_embedding
text_mean_embedding_258,text_embedding
text_mean_embedding_259,text_embedding
text_mean_embedding_260,text_embedding
text_mean_embedding_261,text_embedding
text_mean_embedding_262,text_embedding
text_mean_embedding_263,text_embedding
text_mean_embedding_264,text_embedding
text_mean_embedding_265,text_embedding
text_mean_embedding_266,text_embedding
text_mean_embedding_267,text_embedding
text_mean_embedding_268,text_embedding
text_mean_embedding_269,text_embedding
text_mean_embedding_270,text_embedding
text_mean_embedding_271,text_embedding
text_mean_embedding_272,text_embedding
text_mean_embedding_273,text_embedding
text_mean_embedding_274,text_embedding
text_mean_embedding_275,text_embedding
text_mean_embedding_276,text_embedding
text_mean_embedding_277,text_embedding
text_mean_embedding_278,text_embedding
text_mean_embedding_279,text_embedding
text_mean_embedding_280,text_embedding
text_mean_embedding_281,text_embedding
text_mean_embedding_282,text_embedding
text_mean_embedding_283,text_embedding
text_mean_embedding_284,text_embedding
text_mean_embedding_285,text_embedding
text_mean_embedding_286,text_embedding
text_mean_embedding_287,text_embedding
text_mean_embedding_288,text_embedding
text_mean_embedding_289,text_embedding
text_mean_embedding_290,text_embedding
text_mean_embedding_291,text_embedding
text_mean_embedding_292,text_embedding
text_mean_embedding_293,text_embedding
text_mean_embedding_294,text_embedding
text_mean_embedding_295,text_embedding
text_mean_embedding_296,text_embedding
text_mean_embedding_297,text_embedding
text_mean_embedding_298,text_embedding
text_mean_embedding_299,text_embedding
text_mean_embedding_300,text_embedding
text_mean_embedding_301,text_embedding
text_mean_embedding_302,text_embedding
text_mean_embedding_303,text_embedding
text_mean_embedding_304,text_embedding
text_mean_embedding_305,text_embedding
text_mean_embedding_306,text_embedding
text_mean_embedding_307,text_embedding
text_mean_embedding_308,text_embedding
text_mean_embedding_309,text_embedding
text_mean_embedding_310,text_embedding
text_mean_embedding_311,text_embedding
text_mean_embedding_312,text_embedding
text_mean_embedding_313,text_embedding
text_mean_embedding_314,text_embedding
text_mean_embedding_315,text_embedding
text_mean_embedding_316,text_embedding
text_mean_embedding_317,text_embedding
text_mean_embedding_318,text_embedding
text_mean_embedding_319,text_embedding
text_mean_embedding_320,text_embedding
text_mean_embedding_321,text_embedding
text_mean_embedding_322,text_embedding
text_mean_embedding_323,text_embedding
text_mean_embedding_324,text_embedding
text_mean_embedding_325,text_embedding
text_mean_embedding_326,text_embedding
text_mean_embedding_327,text_embedding
text_mean_embedding_328,text_embedding
text_mean_embedding_329,text_embedding
text_mean_embedding_330,text_embedding
text_mean_embedding_331,text_embedding
text_mean_embedding_332,text_embedding
text_mean_embedding_333,text_embedding
text_mean_embedding_334,text_embedding
text_mean_embedding_335,text_embedding
text_mean_embedding_336,text_embedding
text_mean_embedding_337,text_embedding
text_mean_embedding_338,text_embedding
text_mean_embedding_339,text_embedding
text_mean_embedding_340,text_embedding
text_mean_embedding_341,text_embedding
text_mean_embedding_342,text_embedding
text_mean_embedding_343,text_embedding
text_mean_embedding_344,text_embedding
text_mean_embedding_345,text_embedding
text_mean_embedding_346,text_embedding
text_mean_embedding_347,text_embedding
text_mean_embedding_348,text_embedding
text_mean_embedding_349,text_embedding
text_mean_embedding_350,text_embedding
text_mean_embedding_351,text_embedding
text_mean_embedding_352,text_embedding
text_mean_embedding_353,text_embedding
text_mean_embedding_354,text_embedding
text_mean_embedding_355,text_embedding
text_mean_embedding_356,text_embedding
text_mean_embedding_357,text_embedding
text_mean_embedding_358,text_embedding
text_mean_embedding_359,text_embedding
text_mean_embedding_360,text_embedding
text_mean_embedding_361,text_embedding
text_mean_embedding_362,text_embedding
text_mean_embedding_363,text_embedding
text_mean_embedding_364,text_embedding
text_mean_embedding_365,text_embedding
text_mean_embedding_366,text_embedding
text_mean_embedding_367,text_embedding
text_mean_embedding_368,text_embedding
text_mean_embedding_369,text_embedding
text_mean_embedding_370,text_embedding
text_mean_embedding_371,text_embedding
text_mean_embedding_372,text_embedding
text_mean_embedding_373,text_embedding
text_mean_embedding_374,text_embedding
text_mean_embedding_375,text_embedding
text_mean_embedding_376,text_embedding
text_mean_embedding_377,text_embedding
text_mean_embedding_378,text_embedding
text_mean_embedding_379,text_embedding
text_mean_embedding_380,text_embedding
text_mean_embedding_381,text_embedding
text_mean_embedding_382,text_embedding
text_mean_embedding_383,text_embedding
text_mean_embedding_384,text_embedding
text_mean_embedding_385,text_embedding
text_mean_embedding_386,text_embedding
text_mean_embedding_387,text_embedding
text_mean_embedding_388,text_embedding
text_mean_embedding_389,text_embedding
text_mean_embedding_390,text_embedding
text_mean_embedding_391,text_embedding
text_mean_embedding_392,text_embedding
text_mean_embedding_393,text_embedding
text_mean_embedding_394,text_embedding
text_mean_embedding_395,text_embedding
text_mean_embedding_396,text_embedding
text_mean_embedding_397,text_embedding
text_mean_embedding_398,text_embedding
text_mean_embedding_399,text_embedding
text_mean_embedding_400,text_embedding
text_mean_embedding_401,text_embedding
text_mean_embedding_402,text_embedding
text_mean_embedding_403,text_embedding
text_mean_embedding_404,text_embedding
text_mean_embedding_405,text_embedding
text_mean_embedding_406,text_embedding
text_mean_embedding_407,text_embedding
text_mean_embedding_408,text_embedding
text_mean_embedding_409,text_embedding
text_mean_embedding_410,text_embedding
text_mean_embedding_411,text_embedding
text_mean_embedding_412,text_embedding
text_mean_embedding_413,text_embedding
text_mean_embedding_414,text_embedding
text_mean_embedding_415,text_embedding
text_mean_embedding_416,text_embedding
text_mean_embedding_417,text_embedding
text_mean_embedding_418,text_embedding
text_mean_embedding_419,text_embedding
text_mean_embedding_420,text_embedding
text_mean_embedding_421,text_embedding
text_mean_embedding_422,text_embedding
text_mean_embedding_423,text_embedding
text_mean_embedding_424,text_embedding
text_mean_embedding_425,text_embedding
text_mean_embedding_426,text_embedding
text_mean_embedding_427,text_embedding
text_mean_embedding_428,text_embedding
text_mean_embedding_429,text_embedding
text_mean_embedding_430,text_embedding
text_mean_embedding_431,text_embedding
text_mean_embedding_432,text_embedding
text_mean_embedding_433,text_embedding
text_mean_embedding_434,text_embedding
text_mean_embedding_435,text_embedding
text_mean_embedding_436,text_embedding
text_mean_embedding_437,text_embedding
text_mean_embedding_438,text_embedding
text_mean_embedding_439,text_embedding
text_mean_embedding_440,text_embedding
text_mean_embedding_441,text_embedding
text_mean_embedding_442,text_embedding
text_mean_embedding_443,text_embedding
text_mean_embedding_444,text_embedding
text_mean_embedding_445,text_embedding
text_mean_embedding_446,text_embedding
text_mean_embedding_447,text_embedding
text_mean_embedding_448,text_embedding
text_mean_embedding_449,text_embedding
text_mean_embedding_450,text_embedding
text_mean_embedding_451,text_embedding
text_mean_embedding_452,text_embedding
text_mean_embedding_453,text_embedding
text_mean_embedding_454,text_embedding
text_mean_embedding_455,text_embedding
text_mean_embedding_456,text_embedding
text_mean_embedding_457,text_embedding
text_mean_embedding_458,text_embedding
text_mean_embedding_459,text_embedding
text_mean_embedding_460,text_embedding
text_mean_embedding_461,text_embedding
text_mean_embedding_462,text_embedding
text_mean_embedding_463,text_embedding
text_mean_embedding_464,text_embedding
text_mean_embedding_465,text_embedding
text_mean_embedding_466,text_embedding
text_mean_embedding_467,text_embedding
text_mean_embedding_468,text_embedding
text_mean_embedding_469,text_embedding
text_mean_embedding_470,text_embedding
text_mean_embedding_471,text_embedding
text_mean_embedding_472,text_embedding
text_mean_embedding_473,text_embedding
text_mean_embedding_474,text_embedding
text_mean_embedding_475,text_embedding
text_mean_embedding_476,text_embedding
text_mean_embedding_477,text_embedding
text_mean_embedding_478,text_embedding
text_mean_embedding_479,text_embedding
text_mean_embedding_480,text_embedding
text_mean_embedding_481,text_embedding
text_mean_embedding_482,text_embedding
text_mean_embedding_483,text_embedding
text_mean_embedding_484,text_embedding
text_mean_embedding_485,text_embedding
text_mean_embedding_486,text_embedding
text_mean_embedding_487,text_embedding
text_mean_embedding_488,text_embedding
text_mean_embedding_489,text_embedding
text_mean_embedding_490,text_embedding
text_mean_embedding_491,text_embedding
text_mean_embedding_492,text_embedding
text_mean_embedding_493,text_embedding
text_mean_embedding_494,text_embedding
text_mean_embedding_495,text_embedding
text_mean_embedding_496,text_embedding
text_mean_embedding_497,text_embedding
text_mean_embedding_498,text_embedding
text_mean_embedding_499,text_embedding
text_mean_embedding_500,text_embedding
text_mean_embedding_501,text_embedding
text_mean_embedding_502,text_embedding
text_mean_embedding_503,text_embedding
text_mean_embedding_504,text_embedding
text_mean_embedding_505,text_embedding
text_mean_embedding_506,text_embedding
text_mean_embedding_507,text_embedding
text_mean_embedding_508,text_embedding
text_mean_embedding_509,text_embedding
text_mean_embedding_510,text_embedding
text_mean_embedding_511,text_embedding
text_mean_embedding_512,text_embedding
text_mean_embedding_513,text_embedding
text_mean_embedding_514,text_embedding
text_mean_embedding_515,text_embedding
text_mean_embedding_516,text_embedding
text_mean_embedding_517,text_embedding
text_mean_embedding_518,text_embedding
text_mean_embedding_519,text_embedding
text_mean_embedding_520,text_embedding
text_mean_embedding_521,text_embedding
text_mean_embedding_522,text_embedding
text_mean_embedding_523,text_embedding
text_mean_embedding_524,text_embedding
text_mean_embedding_525,text_embedding
text_mean_embedding_526,text_embedding
text_mean_embedding_527,text_embedding
text_mean_embedding_528,text_embedding
text_mean_embedding_529,text_embedding
text_mean_embedding_530,text_embedding
text_mean_embedding_531,text_embedding
text_mean_embedding_532,text_embedding
text_mean_embedding_533,text_embedding
text_mean_embedding_534,text_embedding
text_mean_embedding_535,text_embedding
text_mean_embedding_536,text_embedding
text_mean_embedding_537,text_embedding
text_mean_embedding_538,text_embedding
text_mean_embedding_539,text_embedding
text_mean_embedding_540,text_embedding
text_mean_embedding_541,text_embedding
text_mean_embedding_542,text_embedding
text_mean_embedding_543,text_embedding
text_mean_embedding_544,text_embedding
text_mean_embedding_545,text_embedding
text_mean_embedding_546,text_embedding
text_mean_embedding_547,text_embedding
text_mean_embedding_548,text_embedding
text_mean_embedding_549,text_embedding
text_mean_embedding_550,text_embedding
text_mean_embedding_551,text_embedding
text_mean_embedding_552,text_embedding
text_mean_embedding_553,text_embedding
text_mean_embedding_554,text_embedding
text_mean_embedding_555,text_embedding
text_mean_embedding_556,text_embedding
text_mean_embedding_557,text_embedding
text_mean_embedding_558,text_embedding
text_mean_embedding_559,text_embedding
text_mean_embedding_560,text_embedding
text_mean_embedding_561,text_embedding
text_mean_embedding_562,text_embedding
text_mean_embedding_563,text_embedding
text_mean_embedding_564,text_embedding
text_mean_embedding_565,text_embedding
text_mean_embedding_566,text_embedding
text_mean_embedding_567,text_embedding
text_mean_embedding_568,text_embedding
text_mean_embedding_569,text_embedding
text_mean_embedding_570,text_embedding
text_mean_embedding_571,text_embedding
text_mean_embedding_572,text_embedding
text_mean_embedding_573,text_embedding
text_mean_embedding_574,text_embedding
text_mean_embedding_575,text_embedding
text_mean_embedding_576,text_embedding
text_mean_embedding_577,text_embedding
text_mean_embedding_578,text_embedding
text_mean_embedding_579,text_embedding
text_mean_embedding_580,text_embedding
text_mean_embedding_581,text_embedding
text_mean_embedding_582,text_embedding
text_mean_embedding_583,text_embedding
text_mean_embedding_584,text_embedding
text_mean_embedding_585,text_embedding
text_mean_embedding_586,text_embedding
text_mean_embedding_587,text_embedding
text_mean_embedding_588,text_embedding
text_mean_embedding_589,text_embedding
text_mean_embedding_590,text_embedding
text_mean_embedding_591,text_embedding
text_mean_embedding_592,text_embedding
text_mean_embedding_593,text_embedding
text_mean_embedding_594,text_embedding
text_mean_embedding_595,text_embedding
text_mean_embedding_596,text_embedding
text_mean_embedding_597,text_embedding
text_mean_embedding_598,text_embedding
text_mean_embedding_599,text_embedding
text_mean_embedding_600,text_embedding
text_mean_embedding_601,text_embedding
text_mean_embedding_602,text_embedding
text_mean_embedding_603,text_embedding
text_mean_embedding_604,text_embedding
text_mean_embedding_605,text_embedding
text_mean_embedding_606,text_embedding
text_mean_embedding_607,text_embedding
text_mean_embedding_608,text_embedding
text_mean_embedding_609,text_embedding
text_mean_embedding_610,text_embedding
text_mean_embedding_611,text_embedding
text_mean_embedding_612,text_embedding
text_mean_embedding_613,text_embedding
text_mean_embedding_614,text_embedding
text_mean_embedding_615,text_embedding
text_mean_embedding_616,text_embedding
text_mean_embedding_617,text_embedding
text_mean_embedding_618,text_embedding
text_mean_embedding_619,text_embedding
text_mean_embedding_620,text_embedding
text_mean_embedding_621,text_embedding
text_mean_embedding_622,text_embedding
text_mean_embedding_623,text_embedding
text_mean_embedding_624,text_embedding
text_mean_embedding_625,text_embedding
text_mean_embedding_626,text_embedding
text_mean_embedding_627,text_embedding
text_mean_embedding_628,text_embedding
text_mean_embedding_629,text_embedding
text_mean_embedding_630,text_embedding
text_mean_embedding_631,text_embedding
text_mean_embedding_632,text_embedding
text_mean_embedding_633,text_embedding
text_mean_embedding_634,text_embedding
text_mean_embedding_635,text_embedding
text_mean_embedding_636,text_embedding
text_mean_embedding_637,text_embedding
text_mean_embedding_638,text_embedding
text_mean_embedding_639,text_embedding
text_mean_embedding_640,text_embedding
text_mean_embedding_641,text_embedding
text_mean_embedding_642,text_embedding
text_mean_embedding_643,text_embedding
text_mean_embedding_644,text_embedding
text_mean_embedding_645,text_embedding
text_mean_embedding_646,text_embedding
text_mean_embedding_647,text_embedding
text_mean_embedding_648,text_embedding
text_mean_embedding_649,text_embedding
text_mean_embedding_650,text_embedding
text_mean_embedding_651,text_embedding
text_mean_embedding_652,text_embedding
text_mean_embedding_653,text_embedding
text_mean_embedding_654,text_embedding
text_mean_embedding_655,text_embedding
text_mean_embedding_656,text_embedding
text_mean_embedding_657,text_embedding
text_mean_embedding_658,text_embedding
text_mean_embedding_659,text_embedding
text_mean_embedding_660,text_embedding
text_mean_embedding_661,text_embedding
text_mean_embedding_662,text_embedding
text_mean_embedding_663,text_embedding
text_mean_embedding_664,text_embedding
text_mean_embedding_665,text_embedding
text_mean_embedding_666,text_embedding
text_mean_embedding_667,text_embedding
text_mean_embedding_668,text_embedding
text_mean_embedding_669,text_embedding
text_mean_embedding_670,text_embedding
text_mean_embedding_671,text_embedding
text_mean_embedding_672,text_embedding
text_mean_embedding_673,text_embedding
text_mean_embedding_674,text_embedding
text_mean_embedding_675,text_embedding
text_mean_embedding_676,text_embedding
text_mean_embedding_677,text_embedding
text_mean_embedding_678,text_embedding
text_mean_embedding_679,text_embedding
text_mean_embedding_680,text_embedding
text_mean_embedding_681,text_embedding
text_mean_embedding_682,text_embedding
text_mean_embedding_683,text_embedding
text_mean_embedding_684,text_embedding
text_mean_embedding_685,text_embedding
text_mean_embedding_686,text_embedding
text_mean_embedding_687,text_embedding
text_mean_embedding_688,text_embedding
text_mean_embedding_689,text_embedding
text_mean_embedding_690,text_embedding
text_mean_embedding_691,text_embedding
text_mean_embedding_692,text_embedding
text_mean_embedding_693,text_embedding
text_mean_embedding_694,text_embedding
text_mean_embedding_695,text_embedding
text_mean_embedding_696,text_embedding
text_mean_embedding_697,text_embedding
text_mean_embedding_698,text_embedding
text_mean_embedding_699,text_embedding
text_mean_embedding_700,text_embedding
text_mean_embedding_701,text_embedding
text_mean_embedding_702,text_embedding
text_mean_embedding_703,text_embedding
text_mean_embedding_704,text_embedding
text_mean_embedding_705,text_embedding
text_mean_embedding_706,text_embedding
text_mean_embedding_707,text_embedding
text_mean_embedding_708,text_embedding
text_mean_embedding_709,text_embedding
text_mean_embedding_710,text_embedding
text_mean_embedding_711,text_embedding
text_mean_embedding_712,text_embedding
text_mean_embedding_713,text_embedding
text_mean_embedding_714,text_embedding
text_mean_embedding_715,text_embedding
text_mean_embedding_716,text_embedding
text_mean_embedding_717,text_embedding
text_mean_embedding_718,text_embedding
text_mean_embedding_719,text_embedding
text_mean_embedding_720,text_embedding
text_mean_embedding_721,text_embedding
text_mean_embedding_722,text_embedding
text_mean_embedding_723,text_embedding
text_mean_embedding_724,text_embedding
text_mean_embedding_725,text_embedding
text_mean_embedding_726,text_embedding
text_mean_embedding_727,text_embedding
text_mean_embedding_728,text_embedding
text_mean_embedding_729,text_embedding
text_mean_embedding_730,text_embedding
text_mean_embedding_731,text_embedding
text_mean_embedding_732,text_embedding
text_mean_embedding_733,text_embedding
text_mean_embedding_734,text_embedding
text_mean_embedding_735,text_embedding
text_mean_embedding_736,text_embedding
text_mean_embedding_737,text_embedding
text_mean_embedding_738,text_embedding
text_mean_embedding_739,text_embedding
text_mean_embedding_740,text_embedding
text_mean_embedding_741,text_embedding
text_mean_embedding_742,text_embedding
text_mean_embedding_743,text_embedding
text_mean_embedding_744,text_embedding
text_mean_embedding_745,text_embedding
text_mean_embedding_746,text_embedding
text_mean_embedding_747,text_embedding
text_mean_embedding_748,text_embedding
text_mean_embedding_749,text_embedding
text_mean_embedding_750,text_embedding
text_mean_embedding_751,text_embedding
text_mean_embedding_752,text_embedding
text_mean_embedding_753,text_embedding
text_mean_embedding_754,text_embedding
text_mean_embedding_755,text_embedding
text_mean_embedding_756,text_embedding
text_mean_embedding_757,text_embedding
text_mean_embedding_758,text_embedding
text_mean_embedding_759,text_embedding
text_mean_embedding_760,text_embedding
text_mean_embedding_761,text_embedding
text_mean_embedding_762,text_embedding
text_mean_embedding_763,text_embedding
text_mean_embedding_764,text_embedding
text_mean_embedding_765,text_embedding
text_mean_embedding_766,text_embedding
text_mean_embedding_767,text_embedding
text_closest_embedding_0,text_embedding
text_closest_embedding_1,text_embedding
text_closest_embedding_2,text_embedding
text_closest_embedding_3,text_embedding
text_closest_embedding_4,text_embedding
text_closest_embedding_5,text_embedding
text_closest_embedding_6,text_embedding
text_closest_embedding_7,text_embedding
text_closest_embedding_8,text_embedding
text_closest_embedding_9,text_embedding
text_closest_embedding_10,text_embedding
text_closest_embedding_11,text_embedding
text_closest_embedding_12,text_embedding
text_closest_embedding_13,text_embedding
text_closest_embedding_14,text_embedding
text_closest_embedding_15,text_embedding
text_closest_embedding_16,text_embedding
text_closest_embedding_17,text_embedding
text_closest_embedding_18,text_embedding
text_closest_embedding_19,text_embedding
text_closest_embedding_20,text_embedding
text_closest_embedding_21,text_embedding
text_closest_embedding_22,text_embedding
text_closest_embedding_23,text_embedding
text_closest_embedding_24,text_embedding
text_closest_embedding_25,text_embedding
text_closest_embedding_26,text_embedding
text_closest_embedding_27,text_embedding
text_closest_embedding_28,text_embedding
text_closest_embedding_29,text_embedding
text_closest_embedding_30,text_embedding
text_closest_embedding_31,text_embedding
text_closest_embedding_32,text_embedding
text_closest_embedding_33,text_embedding
text_closest_embedding_34,text_embedding
text_closest_embedding_35,text_embedding
text_closest_embedding_36,text_embedding
text_closest_embedding_37,text_embedding
text_closest_embedding_38,text_embedding
text_closest_embedding_39,text_embedding
text_closest_embedding_40,text_embedding
text_closest_embedding_41,text_embedding
text_closest_embedding_42,text_embedding
text_closest_embedding_43,text_embedding
text_closest_embedding_44,text_embedding
text_closest_embedding_45,text_embedding
text_closest_embedding_46,text_embedding
text_closest_embedding_47,text_embedding
text_closest_embedding_48,text_embedding
text_closest_embedding_49,text_embedding
text_closest_embedding_50,text_embedding
text_closest_embedding_51,text_embedding
text_closest_embedding_52,text_embedding
text_closest_embedding_53,text_embedding
text_closest_embedding_54,text_embedding
text_closest_embedding_55,text_embedding
text_closest_embedding_56,text_embedding
text_closest_embedding_57,text_embedding
text_closest_embedding_58,text_embedding
text_closest_embedding_59,text_embedding
text_closest_embedding_60,text_embedding
text_closest_embedding_61,text_embedding
text_closest_embedding_62,text_embedding
text_closest_embedding_63,text_embedding
text_closest_embedding_64,text_embedding
text_closest_embedding_65,text_embedding
text_closest_embedding_66,text_embedding
text_closest_embedding_67,text_embedding
text_closest_embedding_68,text_embedding
text_closest_embedding_69,text_embedding
text_closest_embedding_70,text_embedding
text_closest_embedding_71,text_embedding
text_closest_embedding_72,text_embedding
text_closest_embedding_73,text_embedding
text_closest_embedding_74,text_embedding
text_closest_embedding_75,text_embedding
text_closest_embedding_76,text_embedding
text_closest_embedding_77,text_embedding
text_closest_embedding_78,text_embedding
text_closest_embedding_79,text_embedding
text_closest_embedding_80,text_embedding
text_closest_embedding_81,text_embedding
text_closest_embedding_82,text_embedding
text_closest_embedding_83,text_embedding
text_closest_embedding_84,text_embedding
text_closest_embedding_85,text_embedding
text_closest_embedding_86,text_embedding
text_closest_embedding_87,text_embedding
text_closest_embedding_88,text_embedding
text_closest_embedding_89,text_embedding
text_closest_embedding_90,text_embedding
text_closest_embedding_91,text_embedding
text_closest_embedding_92,text_embedding
text_closest_embedding_93,text_embedding
text_closest_embedding_94,text_embedding
text_closest_embedding_95,text_embedding
text_closest_embedding_96,text_embedding
text_closest_embedding_97,text_embedding
text_closest_embedding_98,text_embedding
text_closest_embedding_99,text_embedding
text_closest_embedding_100,text_embedding
text_closest_embedding_101,text_embedding
text_closest_embedding_102,text_embedding
text_closest_embedding_103,text_embedding
text_closest_embedding_104,text_embedding
text_closest_embedding_105,text_embedding
text_closest_embedding_106,text_embedding
text_closest_embedding_107,text_embedding
text_closest_embedding_108,text_embedding
text_closest_embedding_109,text_embedding
text_closest_embedding_110,text_embedding
text_closest_embedding_111,text_embedding
text_closest_embedding_112,text_embedding
text_closest_embedding_113,text_embedding
text_closest_embedding_114,text_embedding
text_closest_embedding_115,text_embedding
text_closest_embedding_116,text_embedding
text_closest_embedding_117,text_embedding
text_closest_embedding_118,text_embedding
text_closest_embedding_119,text_embedding
text_closest_embedding_120,text_embedding
text_closest_embedding_121,text_embedding
text_closest_embedding_122,text_embedding
text_closest_embedding_123,text_embedding
text_closest_embedding_124,text_embedding
text_closest_embedding_125,text_embedding
text_closest_embedding_126,text_embedding
text_closest_embedding_127,text_embedding
text_closest_embedding_128,text_embedding
text_closest_embedding_129,text_embedding
text_closest_embedding_130,text_embedding
text_closest_embedding_131,text_embedding
text_closest_embedding_132,text_embedding
text_closest_embedding_133,text_embedding
text_closest_embedding_134,text_embedding
text_closest_embedding_135,text_embedding
text_closest_embedding_136,text_embedding
text_closest_embedding_137,text_embedding
text_closest_embedding_138,text_embedding
text_closest_embedding_139,text_embedding
text_closest_embedding_140,text_embedding
text_closest_embedding_141,text_embedding
text_closest_embedding_142,text_embedding
text_closest_embedding_143,text_embedding
text_closest_embedding_144,text_embedding
text_closest_embedding_145,text_embedding
text_closest_embedding_146,text_embedding
text_closest_embedding_147,text_embedding
text_closest_embedding_148,text_embedding
text_closest_embedding_149,text_embedding
text_closest_embedding_150,text_embedding
text_closest_embedding_151,text_embedding
text_closest_embedding_152,text_embedding
text_closest_embedding_153,text_embedding
text_closest_embedding_154,text_embedding
text_closest_embedding_155,text_embedding
text_closest_embedding_156,text_embedding
text_closest_embedding_157,text_embedding
text_closest_embedding_158,text_embedding
text_closest_embedding_159,text_embedding
text_closest_embedding_160,text_embedding
text_closest_embedding_161,text_embedding
text_closest_embedding_162,text_embedding
text_closest_embedding_163,text_embedding
text_closest_embedding_164,text_embedding
text_closest_embedding_165,text_embedding
text_closest_embedding_166,text_embedding
text_closest_embedding_167,text_embedding
text_closest_embedding_168,text_embedding
text_closest_embedding_169,text_embedding
text_closest_embedding_170,text_embedding
text_closest_embedding_171,text_embedding
text_closest_embedding_172,text_embedding
text_closest_embedding_173,text_embedding
text_closest_embedding_174,text_embedding
text_closest_embedding_175,text_embedding
text_closest_embedding_176,text_embedding
text_closest_embedding_177,text_embedding
text_closest_embedding_178,text_embedding
text_closest_embedding_179,text_embedding
text_closest_embedding_180,text_embedding
text_closest_embedding_181,text_embedding
text_closest_embedding_182,text_embedding
text_closest_embedding_183,text_embedding
text_closest_embedding_184,text_embedding
text_closest_embedding_185,text_embedding
text_closest_embedding_186,text_embedding
text_closest_embedding_187,text_embedding
text_closest_embedding_188,text_embedding
text_closest_embedding_189,text_embedding
text_closest_embedding_190,text_embedding
text_closest_embedding_191,text_embedding
text_closest_embedding_192,text_embedding
text_closest_embedding_193,text_embedding
text_closest_embedding_194,text_embedding
text_closest_embedding_195,text_embedding
text_closest_embedding_196,text_embedding
text_closest_embedding_197,text_embedding
text_closest_embedding_198,text_embedding
text_closest_embedding_199,text_embedding
text_closest_embedding_200,text_embedding
text_closest_embedding_201,text_embedding
text_closest_embedding_202,text_embedding
text_closest_embedding_203,text_embedding
text_closest_embedding_204,text_embedding
text_closest_embedding_205,text_embedding
text_closest_embedding_206,text_embedding
text_closest_embedding_207,text_embedding
text_closest_embedding_208,text_embedding
text_closest_embedding_209,text_embedding
text_closest_embedding_210,text_embedding
text_closest_embedding_211,text_embedding
text_closest_embedding_212,text_embedding
text_closest_embedding_213,text_embedding
text_closest_embedding_214,text_embedding
text_closest_embedding_215,text_embedding
text_closest_embedding_216,text_embedding
text_closest_embedding_217,text_embedding
text_closest_embedding_218,text_embedding
text_closest_embedding_219,text_embedding
text_closest_embedding_220,text_embedding
text_closest_embedding_221,text_embedding
text_closest_embedding_222,text_embedding
text_closest_embedding_223,text_embedding
text_closest_embedding_224,text_embedding
text_closest_embedding_225,text_embedding
text_closest_embedding_226,text_embedding
text_closest_embedding_227,text_embedding
text_closest_embedding_228,text_embedding
text_closest_embedding_229,text_embedding
text_closest_embedding_230,text_embedding
text_closest_embedding_231,text_embedding
text_closest_embedding_232,text_embedding
text_closest_embedding_233,text_embedding
text_closest_embedding_234,text_embedding
text_closest_embedding_235,text_embedding
text_closest_embedding_236,text_embedding
text_closest_embedding_237,text_embedding
text_closest_embedding_238,text_embedding
text_closest_embedding_239,text_embedding
text_closest_embedding_240,text_embedding
text_closest_embedding_241,text_embedding
text_closest_embedding_242,text_embedding
text_closest_embedding_243,text_embedding
text_closest_embedding_244,text_embedding
text_closest_embedding_245,text_embedding
text_closest_embedding_246,text_embedding
text_closest_embedding_247,text_embedding
text_closest_embedding_248,text_embedding
text_closest_embedding_249,text_embedding
text_closest_embedding_250,text_embedding
text_closest_embedding_251,text_embedding
text_closest_embedding_252,text_embedding
text_closest_embedding_253,text_embedding
text_closest_embedding_254,text_embedding
text_closest_embedding_255,text_embedding
text_closest_embedding_256,text_embedding
text_closest_embedding_257,text_embedding
text_closest_embedding_258,text_embedding
text_closest_embedding_259,text_embedding
text_closest_embedding_260,text_embedding
text_closest_embedding_261,text_embedding
text_closest_embedding_262,text_embedding
text_closest_embedding_263,text_embedding
text_closest_embedding_264,text_embedding
text_closest_embedding_265,text_embedding
text_closest_embedding_266,text_embedding
text_closest_embedding_267,text_embedding
text_closest_embedding_268,text_embedding
text_closest_embedding_269,text_embedding
text_closest_embedding_270,text_embedding
text_closest_embedding_271,text_embedding
text_closest_embedding_272,text_embedding
text_closest_embedding_273,text_embedding
text_closest_embedding_274,text_embedding
text_closest_embedding_275,text_embedding
text_closest_embedding_276,text_embedding
text_closest_embedding_277,text_embedding
text_closest_embedding_278,text_embedding
text_closest_embedding_279,text_embedding
text_closest_embedding_280,text_embedding
text_closest_embedding_281,text_embedding
text_closest_embedding_282,text_embedding
text_closest_embedding_283,text_embedding
text_closest_embedding_284,text_embedding
text_closest_embedding_285,text_embedding
text_closest_embedding_286,text_embedding
text_closest_embedding_287,text_embedding
text_closest_embedding_288,text_embedding
text_closest_embedding_289,text_embedding
text_closest_embedding_290,text_embedding
text_closest_embedding_291,text_embedding
text_closest_embedding_292,text_embedding
text_closest_embedding_293,text_embedding
text_closest_embedding_294,text_embedding
text_closest_embedding_295,text_embedding
text_closest_embedding_296,text_embedding
text_closest_embedding_297,text_embedding
text_closest_embedding_298,text_embedding
text_closest_embedding_299,text_embedding
text_closest_embedding_300,text_embedding
text_closest_embedding_301,text_embedding
text_closest_embedding_302,text_embedding
text_closest_embedding_303,text_embedding
text_closest_embedding_304,text_embedding
text_closest_embedding_305,text_embedding
text_closest_embedding_306,text_embedding
text_closest_embedding_307,text_embedding
text_closest_embedding_308,text_embedding
text_closest_embedding_309,text_embedding
text_closest_embedding_310,text_embedding
text_closest_embedding_311,text_embedding
text_closest_embedding_312,text_embedding
text_closest_embedding_313,text_embedding
text_closest_embedding_314,text_embedding
text_closest_embedding_315,text_embedding
text_closest_embedding_316,text_embedding
text_closest_embedding_317,text_embedding
text_closest_embedding_318,text_embedding
text_closest_embedding_319,text_embedding
text_closest_embedding_320,text_embedding
text_closest_embedding_321,text_embedding
text_closest_embedding_322,text_embedding
text_closest_embedding_323,text_embedding
text_closest_embedding_324,text_embedding
text_closest_embedding_325,text_embedding
text_closest_embedding_326,text_embedding
text_closest_embedding_327,text_embedding
text_closest_embedding_328,text_embedding
text_closest_embedding_329,text_embedding
text_closest_embedding_330,text_embedding
text_closest_embedding_331,text_embedding
text_closest_embedding_332,text_embedding
text_closest_embedding_333,text_embedding
text_closest_embedding_334,text_embedding
text_closest_embedding_335,text_embedding
text_closest_embedding_336,text_embedding
text_closest_embedding_337,text_embedding
text_closest_embedding_338,text_embedding
text_closest_embedding_339,text_embedding
text_closest_embedding_340,text_embedding
text_closest_embedding_341,text_embedding
text_closest_embedding_342,text_embedding
text_closest_embedding_343,text_embedding
text_closest_embedding_344,text_embedding
text_closest_embedding_345,text_embedding
text_closest_embedding_346,text_embedding
text_closest_embedding_347,text_embedding
text_closest_embedding_348,text_embedding
text_closest_embedding_349,text_embedding
text_closest_embedding_350,text_embedding
text_closest_embedding_351,text_embedding
text_closest_embedding_352,text_embedding
text_closest_embedding_353,text_embedding
text_closest_embedding_354,text_embedding
text_closest_embedding_355,text_embedding
text_closest_embedding_356,text_embedding
text_closest_embedding_357,text_embedding
text_closest_embedding_358,text_embedding
text_closest_embedding_359,text_embedding
text_closest_embedding_360,text_embedding
text_closest_embedding_361,text_embedding
text_closest_embedding_362,text_embedding
text_closest_embedding_363,text_embedding
text_closest_embedding_364,text_embedding
text_closest_embedding_365,text_embedding
text_closest_embedding_366,text_embedding
text_closest_embedding_367,text_embedding
text_closest_embedding_368,text_embedding
text_closest_embedding_369,text_embedding
text_closest_embedding_370,text_embedding
text_closest_embedding_371,text_embedding
text_closest_embedding_372,text_embedding
text_closest_embedding_373,text_embedding
text_closest_embedding_374,text_embedding
text_closest_embedding_375,text_embedding
text_closest_embedding_376,text_embedding
text_closest_embedding_377,text_embedding
text_closest_embedding_378,text_embedding
text_closest_embedding_379,text_embedding
text_closest_embedding_380,text_embedding
text_closest_embedding_381,text_embedding
text_closest_embedding_382,text_embedding
text_closest_embedding_383,text_embedding
text_closest_embedding_384,text_embedding
text_closest_embedding_385,text_embedding
text_closest_embedding_386,text_embedding
text_closest_embedding_387,text_embedding
text_closest_embedding_388,text_embedding
text_closest_embedding_389,text_embedding
text_closest_embedding_390,text_embedding
text_closest_embedding_391,text_embedding
text_closest_embedding_392,text_embedding
text_closest_embedding_393,text_embedding
text_closest_embedding_394,text_embedding
text_closest_embedding_395,text_embedding
text_closest_embedding_396,text_embedding
text_closest_embedding_397,text_embedding
text_closest_embedding_398,text_embedding
text_closest_embedding_399,text_embedding
text_closest_embedding_400,text_embedding
text_closest_embedding_401,text_embedding
text_closest_embedding_402,text_embedding
text_closest_embedding_403,text_embedding
text_closest_embedding_404,text_embedding
text_closest_embedding_405,text_embedding
text_closest_embedding_406,text_embedding
text_closest_embedding_407,text_embedding
text_closest_embedding_408,text_embedding
text_closest_embedding_409,text_embedding
text_closest_embedding_410,text_embedding
text_closest_embedding_411,text_embedding
text_closest_embedding_412,text_embedding
text_closest_embedding_413,text_embedding
text_closest_embedding_414,text_embedding
text_closest_embedding_415,text_embedding
text_closest_embedding_416,text_embedding
text_closest_embedding_417,text_embedding
text_closest_embedding_418,text_embedding
text_closest_embedding_419,text_embedding
text_closest_embedding_420,text_embedding
text_closest_embedding_421,text_embedding
text_closest_embedding_422,text_embedding
text_closest_embedding_423,text_embedding
text_closest_embedding_424,text_embedding
text_closest_embedding_425,text_embedding
text_closest_embedding_426,text_embedding
text_closest_embedding_427,text_embedding
text_closest_embedding_428,text_embedding
text_closest_embedding_429,text_embedding
text_closest_embedding_430,text_embedding
text_closest_embedding_431,text_embedding
text_closest_embedding_432,text_embedding
text_closest_embedding_433,text_embedding
text_closest_embedding_434,text_embedding
text_closest_embedding_435,text_embedding
text_closest_embedding_436,text_embedding
text_closest_embedding_437,text_embedding
text_closest_embedding_438,text_embedding
text_closest_embedding_439,text_embedding
text_closest_embedding_440,text_embedding
text_closest_embedding_441,text_embedding
text_closest_embedding_442,text_embedding
text_closest_embedding_443,text_embedding
text_closest_embedding_444,text_embedding
text_closest_embedding_445,text_embedding
text_closest_embedding_446,text_embedding
text_closest_embedding_447,text_embedding
text_closest_embedding_448,text_embedding
text_closest_embedding_449,text_embedding
text_closest_embedding_450,text_embedding
text_closest_embedding_451,text_embedding
text_closest_embedding_452,text_embedding
text_closest_embedding_453,text_embedding
text_closest_embedding_454,text_embedding
text_closest_embedding_455,text_embedding
text_closest_embedding_456,text_embedding
text_closest_embedding_457,text_embedding
text_closest_embedding_458,text_embedding
text_closest_embedding_459,text_embedding
text_closest_embedding_460,text_embedding
text_closest_embedding_461,text_embedding
text_closest_embedding_462,text_embedding
text_closest_embedding_463,text_embedding
text_closest_embedding_464,text_embedding
text_closest_embedding_465,text_embedding
text_closest_embedding_466,text_embedding
text_closest_embedding_467,text_embedding
text_closest_embedding_468,text_embedding
text_closest_embedding_469,text_embedding
text_closest_embedding_470,text_embedding
text_closest_embedding_471,text_embedding
text_closest_embedding_472,text_embedding
text_closest_embedding_473,text_embedding
text_closest_embedding_474,text_embedding
text_closest_embedding_475,text_embedding
text_closest_embedding_476,text_embedding
text_closest_embedding_477,text_embedding
text_closest_embedding_478,text_embedding
text_closest_embedding_479,text_embedding
text_closest_embedding_480,text_embedding
text_closest_embedding_481,text_embedding
text_closest_embedding_482,text_embedding
text_closest_embedding_483,text_embedding
text_closest_embedding_484,text_embedding
text_closest_embedding_485,text_embedding
text_closest_embedding_486,text_embedding
text_closest_embedding_487,text_embedding
text_closest_embedding_488,text_embedding
text_closest_embedding_489,text_embedding
text_closest_embedding_490,text_embedding
text_closest_embedding_491,text_embedding
text_closest_embedding_492,text_embedding
text_closest_embedding_493,text_embedding
text_closest_embedding_494,text_embedding
text_closest_embedding_495,text_embedding
text_closest_embedding_496,text_embedding
text_closest_embedding_497,text_embedding
text_closest_embedding_498,text_embedding
text_closest_embedding_499,text_embedding
text_closest_embedding_500,text_embedding
text_closest_embedding_501,text_embedding
text_closest_embedding_502,text_embedding
text_closest_embedding_503,text_embedding
text_closest_embedding_504,text_embedding
text_closest_embedding_505,text_embedding
text_closest_embedding_506,text_embedding
text_closest_embedding_507,text_embedding
text_closest_embedding_508,text_embedding
text_closest_embedding_509,text_embedding
text_closest_embedding_510,text_embedding
text_closest_embedding_511,text_embedding
text_closest_embedding_512,text_embedding
text_closest_embedding_513,text_embedding
text_closest_embedding_514,text_embedding
text_closest_embedding_515,text_embedding
text_closest_embedding_516,text_embedding
text_closest_embedding_517,text_embedding
text_closest_embedding_518,text_embedding
text_closest_embedding_519,text_embedding
text_closest_embedding_520,text_embedding
text_closest_embedding_521,text_embedding
text_closest_embedding_522,text_embedding
text_closest_embedding_523,text_embedding
text_closest_embedding_524,text_embedding
text_closest_embedding_525,text_embedding
text_closest_embedding_526,text_embedding
text_closest_embedding_527,text_embedding
text_closest_embedding_528,text_embedding
text_closest_embedding_529,text_embedding
text_closest_embedding_530,text_embedding
text_closest_embedding_531,text_embedding
text_closest_embedding_532,text_embedding
text_closest_embedding_533,text_embedding
text_closest_embedding_534,text_embedding
text_closest_embedding_535,text_embedding
text_closest_embedding_536,text_embedding
text_closest_embedding_537,text_embedding
text_closest_embedding_538,text_embedding
text_closest_embedding_539,text_embedding
text_closest_embedding_540,text_embedding
text_closest_embedding_541,text_embedding
text_closest_embedding_542,text_embedding
text_closest_embedding_543,text_embedding
text_closest_embedding_544,text_embedding
text_closest_embedding_545,text_embedding
text_closest_embedding_546,text_embedding
text_closest_embedding_547,text_embedding
text_closest_embedding_548,text_embedding
text_closest_embedding_549,text_embedding
text_closest_embedding_550,text_embedding
text_closest_embedding_551,text_embedding
text_closest_embedding_552,text_embedding
text_closest_embedding_553,text_embedding
text_closest_embedding_554,text_embedding
text_closest_embedding_555,text_embedding
text_closest_embedding_556,text_embedding
text_closest_embedding_557,text_embedding
text_closest_embedding_558,text_embedding
text_closest_embedding_559,text_embedding
text_closest_embedding_560,text_embedding
text_closest_embedding_561,text_embedding
text_closest_embedding_562,text_embedding
text_closest_embedding_563,text_embedding
text_closest_embedding_564,text_embedding
text_closest_embedding_565,text_embedding
text_closest_embedding_566,text_embedding
text_closest_embedding_567,text_embedding
text_closest_embedding_568,text_embedding
text_closest_embedding_569,text_embedding
text_closest_embedding_570,text_embedding
text_closest_embedding_571,text_embedding
text_closest_embedding_572,text_embedding
text_closest_embedding_573,text_embedding
text_closest_embedding_574,text_embedding
text_closest_embedding_575,text_embedding
text_closest_embedding_576,text_embedding
text_closest_embedding_577,text_embedding
text_closest_embedding_578,text_embedding
text_closest_embedding_579,text_embedding
text_closest_embedding_580,text_embedding
text_closest_embedding_581,text_embedding
text_closest_embedding_582,text_embedding
text_closest_embedding_583,text_embedding
text_closest_embedding_584,text_embedding
text_closest_embedding_585,text_embedding
text_closest_embedding_586,text_embedding
text_closest_embedding_587,text_embedding
text_closest_embedding_588,text_embedding
text_closest_embedding_589,text_embedding
text_closest_embedding_590,text_embedding
text_closest_embedding_591,text_embedding
text_closest_embedding_592,text_embedding
text_closest_embedding_593,text_embedding
text_closest_embedding_594,text_embedding
text_closest_embedding_595,text_embedding
text_closest_embedding_596,text_embedding
text_closest_embedding_597,text_embedding
text_closest_embedding_598,text_embedding
text_closest_embedding_599,text_embedding
text_closest_embedding_600,text_embedding
text_closest_embedding_601,text_embedding
text_closest_embedding_602,text_embedding
text_closest_embedding_603,text_embedding
text_closest_embedding_604,text_embedding
text_closest_embedding_605,text_embedding
text_closest_embedding_606,text_embedding
text_closest_embedding_607,text_embedding
text_closest_embedding_608,text_embedding
text_closest_embedding_609,text_embedding
text_closest_embedding_610,text_embedding
text_closest_embedding_611,text_embedding
text_closest_embedding_612,text_embedding
text_closest_embedding_613,text_embedding
text_closest_embedding_614,text_embedding
text_closest_embedding_615,text_embedding
text_closest_embedding_616,text_embedding
text_closest_embedding_617,text_embedding
text_closest_embedding_618,text_embedding
text_closest_embedding_619,text_embedding
text_closest_embedding_620,text_embedding
text_closest_embedding_621,text_embedding
text_closest_embedding_622,text_embedding
text_closest_embedding_623,text_embedding
text_closest_embedding_624,text_embedding
text_closest_embedding_625,text_embedding
text_closest_embedding_626,text_embedding
text_closest_embedding_627,text_embedding
text_closest_embedding_628,text_embedding
text_closest_embedding_629,text_embedding
text_closest_embedding_630,text_embedding
text_closest_embedding_631,text_embedding
text_closest_embedding_632,text_embedding
text_closest_embedding_633,text_embedding
text_closest_embedding_634,text_embedding
text_closest_embedding_635,text_embedding
text_closest_embedding_636,text_embedding
text_closest_embedding_637,text_embedding
text_closest_embedding_638,text_embedding
text_closest_embedding_639,text_embedding
text_closest_embedding_640,text_embedding
text_closest_embedding_641,text_embedding
text_closest_embedding_642,text_embedding
text_closest_embedding_643,text_embedding
text_closest_embedding_644,text_embedding
text_closest_embedding_645,text_embedding
text_closest_embedding_646,text_embedding
text_closest_embedding_647,text_embedding
text_closest_embedding_648,text_embedding
text_closest_embedding_649,text_embedding
text_closest_embedding_650,text_embedding
text_closest_embedding_651,text_embedding
text_closest_embedding_652,text_embedding
text_closest_embedding_653,text_embedding
text_closest_embedding_654,text_embedding
text_closest_embedding_655,text_embedding
text_closest_embedding_656,text_embedding
text_closest_embedding_657,text_embedding
text_closest_embedding_658,text_embedding
text_closest_embedding_659,text_embedding
text_closest_embedding_660,text_embedding
text_closest_embedding_661,text_embedding
text_closest_embedding_662,text_embedding
text_closest_embedding_663,text_embedding
text_closest_embedding_664,text_embedding
text_closest_embedding_665,text_embedding
text_closest_embedding_666,text_embedding
text_closest_embedding_667,text_embedding
text_closest_embedding_668,text_embedding
text_closest_embedding_669,text_embedding
text_closest_embedding_670,text_embedding
text_closest_embedding_671,text_embedding
text_closest_embedding_672,text_embedding
text_closest_embedding_673,text_embedding
text_closest_embedding_674,text_embedding
text_closest_embedding_675,text_embedding
text_closest_embedding_676,text_embedding
text_closest_embedding_677,text_embedding
text_closest_embedding_678,text_embedding
text_closest_embedding_679,text_embedding
text_closest_embedding_680,text_embedding
text_closest_embedding_681,text_embedding
text_closest_embedding_682,text_embedding
text_closest_embedding_683,text_embedding
text_closest_embedding_684,text_embedding
text_closest_embedding_685,text_embedding
text_closest_embedding_686,text_embedding
text_closest_embedding_687,text_embedding
text_closest_embedding_688,text_embedding
text_closest_embedding_689,text_embedding
text_closest_embedding_690,text_embedding
text_closest_embedding_691,text_embedding
text_closest_embedding_692,text_embedding
text_closest_embedding_693,text_embedding
text_closest_embedding_694,text_embedding
text_closest_embedding_695,text_embedding
text_closest_embedding_696,text_embedding
text_closest_embedding_697,text_embedding
text_closest_embedding_698,text_embedding
text_closest_embedding_699,text_embedding
text_closest_embedding_700,text_embedding
text_closest_embedding_701,text_embedding
text_closest_embedding_702,text_embedding
text_closest_embedding_703,text_embedding
text_closest_embedding_704,text_embedding
text_closest_embedding_705,text_embedding
text_closest_embedding_706,text_embedding
text_closest_embedding_707,text_embedding
text_closest_embedding_708,text_embedding
text_closest_embedding_709,text_embedding
text_closest_embedding_710,text_embedding
text_closest_embedding_711,text_embedding
text_closest_embedding_712,text_embedding
text_closest_embedding_713,text_embedding
text_closest_embedding_714,text_embedding
text_closest_embedding_715,text_embedding
text_closest_embedding_716,text_embedding
text_closest_embedding_717,text_embedding
text_closest_embedding_718,text_embedding
text_closest_embedding_719,text_embedding
text_closest_embedding_720,text_embedding
text_closest_embedding_721,text_embedding
text_closest_embedding_722,text_embedding
text_closest_embedding_723,text_embedding
text_closest_embedding_724,text_embedding
text_closest_embedding_725,text_embedding
text_closest_embedding_726,text_embedding
text_closest_embedding_727,text_embedding
text_closest_embedding_728,text_embedding
text_closest_embedding_729,text_embedding
text_closest_embedding_730,text_embedding
text_closest_embedding_731,text_embedding
text_closest_embedding_732,text_embedding
text_closest_embedding_733,text_embedding
text_closest_embedding_734,text_embedding
text_closest_embedding_735,text_embedding
text_closest_embedding_736,text_embedding
text_closest_embedding_737,text_embedding
text_closest_embedding_738,text_embedding
text_closest_embedding_739,text_embedding
text_closest_embedding_740,text_embedding
text_closest_embedding_741,text_embedding
text_closest_embedding_742,text_embedding
text_closest_embedding_743,text_embedding
text_closest_embedding_744,text_embedding
text_closest_embedding_745,text_embedding
text_closest_embedding_746,text_embedding
text_closest_embedding_747,text_embedding
text_closest_embedding_748,text_embedding
text_closest_embedding_749,text_embedding
text_closest_embedding_750,text_embedding
text_closest_embedding_751,text_embedding
text_closest_embedding_752,text_embedding
text_closest_embedding_753,text_embedding
text_closest_embedding_754,text_embedding
text_closest_embedding_755,text_embedding
text_closest_embedding_756,text_embedding
text_closest_embedding_757,text_embedding
text_closest_embedding_758,text_embedding
text_closest_embedding_759,text_embedding
text_closest_embedding_760,text_embedding
text_closest_embedding_761,text_embedding
text_closest_embedding_762,text_embedding
text_closest_embedding_763,text_embedding
text_closest_embedding_764,text_embedding
text_closest_embedding_765,text_embedding
text_closest_embedding_766,text_embedding
text_closest_embedding_767,text_embedding
note_window_count,note_metadata
note_total_count,note_metadata
note_mean_count_per_window,note_metadata
note_max_count_per_window,note_metadata
note_closest_window_index,note_metadata
note_oldest_window_index,note_metadata
note_closest_recency_hours,note_metadata
note_oldest_recency_hours,note_metadata
category_window_physician,note_metadata
category_note_physician,note_metadata
category_window_nursing,note_metadata
category_note_nursing,note_metadata
category_window_radiology,note_metadata
category_note_radiology,note_metadata
antibiotic_count_48h,clinical_event
antibiotic_flag_48h,clinical_event
antibiotic_hours_since_last,clinical_event
vasopressor_count_48h,clinical_event
vasopressor_flag_48h,clinical_event
vasopressor_hours_since_last,clinical_event
culture_count_48h,clinical_event
culture_flag_48h,clinical_event
culture_hours_since_last,clinical_event
